iteration,total_loss,recon_loss,total_corr,betaVAE_kld,k_sim_loss,k_contrast_loss,lambda_TC,kld_dim1,kld_dim2,kld_dim3,kld_dim4,kld_dim5,kld_dim6,kld_dim7,kld_dim8,kld_dim9,kld_dim10
20,5551.64,3039.26,47.18,0.77,1.83,1.97,1.0,0.047670584,0.038472705,0.06122851,0.032496184,0.11094576,0.05405253,0.04838112,0.20171951,0.11565664,0.06396433
40,4343.23,2251.17,41.5,30.31,3.88,3.98,1.0,2.129942,2.1899157,3.6428814,0.8883809,4.7846317,1.6871848,1.9879453,6.8691835,3.7611723,2.3685167
60,2493.46,1263.33,26.18,97.12,3.72,4.63,1.0,5.351472,3.3097816,12.731611,5.05849,14.800018,8.284228,7.916836,18.129837,11.032123,10.510403
80,1764.55,936.1,15.24,126.35,4.19,4.86,1.0,8.32275,6.616638,20.02934,7.5090466,16.547245,12.06787,9.581599,20.983166,11.902256,12.787047
100,1373.18,666.56,14.99,98.09,3.67,4.18,1.0,9.529451,5.9935145,12.343483,8.156645,11.721596,10.137507,6.8715086,14.55308,7.847412,10.940111
120,1206.89,568.43,11.71,107.88,4.11,4.63,1.0,10.332614,5.696123,12.2589445,11.20679,13.137541,11.286547,7.881752,15.068659,8.431894,12.576847
140,1033.61,469.62,11.75,89.13,2.91,4.13,1.0,8.186443,4.4107895,10.866011,9.469823,11.128128,8.7534275,7.0886974,12.653322,6.915434,9.660715
160,907.8,371.88,10.69,89.59,3.54,4.29,1.0,10.570202,4.902062,12.267169,7.5568824,11.330261,7.9264483,7.069692,13.238735,6.30486,8.421749
180,929.56,389.51,9.98,95.58,3.03,4.8,1.0,9.962751,5.6638217,12.995602,7.522132,12.632669,8.351476,8.910764,13.402008,6.869624,9.268747
200,865.99,365.35,8.88,92.45,3.35,4.65,1.0,9.522951,5.8790045,12.739458,7.123892,10.864925,8.824074,9.002417,12.052963,6.0200768,10.4158535
220,854.32,360.82,8.34,93.65,3.23,3.9,1.0,10.973059,6.311334,15.079367,7.409879,9.608451,9.507799,8.422262,11.779589,5.3672385,9.190008
240,815.41,341.55,8.13,89.9,2.93,3.53,1.0,8.499955,6.5605597,15.754752,7.342085,9.418886,8.977627,8.4292555,10.314434,5.7419176,8.8608265
260,756.67,299.97,8.64,82.65,2.95,3.38,1.0,7.888271,6.3445663,15.261241,6.9405546,7.7998977,8.366126,6.5583725,9.34169,5.3645773,8.787392
280,732.27,279.71,7.43,88.52,2.84,4.15,1.0,9.517925,6.6246505,14.87471,7.9718857,8.305603,8.713539,7.817779,10.7956,5.507871,8.390853
300,698.5,261.61,8.36,79.4,2.6,3.33,1.0,8.059388,6.2801104,11.513046,6.996192,8.560398,8.7037525,7.619558,8.754284,5.3591557,7.551957
320,679.81,255.05,7.77,79.71,2.73,3.75,1.0,8.551962,6.8812065,12.941546,6.617868,8.177908,8.379973,6.3824196,8.677125,5.5883193,7.511777
340,661.91,247.5,7.66,77.73,2.61,3.81,1.0,8.574864,6.709207,12.179988,6.406297,8.009041,8.93083,6.584104,8.07276,5.384241,6.87697
360,641.36,242.82,7.21,75.91,2.97,3.27,1.0,9.118442,6.269748,10.486012,6.159111,8.148988,9.1703205,6.628275,7.939578,5.2313213,6.761894
380,615.1,222.11,7.39,73.79,2.55,3.64,1.0,8.964558,6.3005824,9.3097725,6.2289915,7.9347687,9.68651,6.417982,7.6011934,4.919943,6.429609
400,631.69,231.87,6.59,79.31,3.05,3.51,1.0,8.37006,7.0864916,10.314517,6.6201744,8.429716,11.05776,7.298299,7.7457304,5.925243,6.465087
420,591.72,200.58,6.97,75.36,2.69,3.46,1.0,8.161883,6.3856792,8.945785,7.6610413,7.6374393,10.081115,6.4974957,7.9257216,5.8697505,6.1954494
440,584.63,194.32,6.76,76.22,2.37,3.14,1.0,7.3154593,6.2300215,8.792795,8.720862,7.976615,10.9226675,6.7301993,7.5603733,5.855339,6.110916
460,560.78,178.66,7.03,72.78,2.27,2.95,1.0,7.1213894,6.1698203,7.6352515,8.663195,7.407745,9.549511,6.5674086,7.6152606,5.4744177,6.5765686
480,549.42,183.83,7.08,68.41,2.03,2.76,1.0,6.8676543,5.9192977,6.9940853,8.5787115,6.7001376,7.878312,6.3812027,6.862112,5.7661166,6.45971
500,542.56,179.94,6.73,69.45,1.95,2.75,1.0,7.0154505,6.2041626,6.731996,9.287359,6.644703,7.740745,6.244352,7.143302,5.7800083,6.658787
520,525.58,170.17,6.74,67.48,1.88,2.32,1.0,6.497894,6.1071663,6.7802477,9.733684,6.4860764,7.0109153,6.1345534,6.561782,5.768359,6.403857
540,531.33,172.19,6.68,68.72,2.01,2.52,1.0,6.77449,6.3055525,6.4593716,9.52741,6.4734983,7.328068,6.390493,7.095566,5.9728546,6.397045
560,518.82,170.73,6.4,67.34,1.74,2.37,1.0,6.1830654,6.1211185,6.7808867,8.5300455,6.5963736,7.713974,6.183098,6.8055625,6.0038204,6.423389
580,524.33,171.69,6.4,68.25,2.28,2.08,1.0,6.452209,6.0917144,6.669984,8.563542,6.857732,6.9528728,6.571571,6.434957,7.139576,6.5198326
600,517.23,170.74,6.43,66.75,1.88,2.41,1.0499999523162842,6.450193,6.280782,6.3929157,8.305716,6.5453672,6.9636087,6.385338,6.807073,6.2939396,6.3260646
620,531.44,176.75,6.23,69.2,2.17,2.33,1.0499999523162842,6.6483917,6.268132,6.4197903,8.44903,6.9545627,7.245256,6.932618,6.9417763,6.70829,6.636888
640,516.67,171.4,6.6,65.17,1.83,2.39,1.0499999523162842,6.407995,5.994447,6.2301917,7.7847776,6.544982,6.8042006,6.5765605,6.431215,6.2634583,6.132246
660,512.41,161.12,6.71,66.13,2.05,2.53,1.0499999523162842,6.5553303,6.4416246,6.418089,7.6467795,6.5308037,6.752944,6.768222,6.5980864,5.9995346,6.4162955
680,499.62,154.27,6.8,64.19,1.88,2.35,1.0499999523162842,6.249568,6.0123405,6.318477,7.5384116,6.4015207,6.28877,6.5679827,6.4114985,6.2181883,6.186481
700,530.08,177.47,6.49,67.56,2.08,2.73,1.1024998426437378,6.7577324,6.32559,6.5195227,8.091338,6.6725836,6.6359973,6.8878813,6.5014,6.5081224,6.663644
720,495.25,153.35,6.57,63.89,1.99,2.34,1.1024998426437378,6.355356,6.1403284,6.055537,7.7526712,6.100853,6.293295,6.4356475,6.220825,6.218911,6.3196936
740,497.27,147.49,6.76,64.92,1.57,1.86,1.1024998426437378,6.1423144,5.9768505,6.2432303,8.662701,6.1685786,6.022825,6.5358133,6.5432067,6.3562784,6.2718215
760,511.14,160.05,6.45,66.82,1.58,1.97,1.1024998426437378,6.2230988,6.103311,6.4916773,8.652384,6.3381834,6.1696067,6.796579,6.7406673,6.881463,6.418334
780,502.98,158.09,6.69,64.03,1.51,1.7,1.1024998426437378,6.1197577,5.94032,6.2959375,7.501438,6.149749,6.180822,6.5669975,6.468616,6.536758,6.2716765
800,515.67,163.76,6.6,66.18,1.78,1.87,1.1576248407363892,6.1348763,6.032295,6.663877,8.241026,6.386781,6.2151604,6.6020803,6.6826067,6.7291503,6.4904814
820,514.78,166.32,6.64,64.66,1.56,2.04,1.1576248407363892,6.1276064,6.114524,6.1915493,7.853756,6.113088,5.9625463,6.6887584,6.47499,6.4516745,6.682929
840,510.45,165.2,6.89,62.65,1.64,2.25,1.1576248407363892,6.0006638,6.0667667,6.2727504,6.519186,6.400165,6.026741,6.2711134,6.4016027,6.109821,6.5825214
860,502.81,153.98,6.92,63.29,1.47,1.78,1.1576248407363892,6.070007,5.9629507,6.052774,7.0283294,6.239048,6.11088,6.4099326,6.3084793,6.5312347,6.5793047
880,495.12,150.12,6.79,62.97,1.86,1.96,1.1576248407363892,6.3192005,6.0108886,5.9731226,6.549005,6.4110656,6.283422,6.1853676,6.439022,6.268112,6.526821
900,498.39,156.91,6.69,62.67,1.46,1.95,1.2155060768127441,6.3083963,5.763408,6.095417,6.5679216,6.294779,6.2100706,6.535327,6.298974,6.1581855,6.440852
920,501.27,153.09,6.89,62.6,1.91,1.94,1.2155060768127441,6.2663755,5.9414134,6.011789,6.2325344,6.546603,6.1360435,6.4460573,6.489956,6.116054,6.416261
940,505.29,164.82,6.1,64.76,1.7,2.02,1.2155060768127441,6.559747,6.366172,6.3164496,6.563875,6.5677085,6.236519,6.496156,6.406469,6.448354,6.794244
960,505.62,160.55,6.51,63.97,1.42,2.07,1.2155060768127441,6.2683315,6.1945953,6.407731,6.855688,6.347687,6.058935,6.249128,6.539544,6.533674,6.5123463
980,513.31,170.79,5.91,66.25,1.56,2.1,1.2155060768127441,6.4108825,6.5092826,6.749344,7.215427,6.4691725,6.3767233,6.22423,6.749358,6.9836783,6.564975
1000,492.89,150.47,6.64,62.65,1.39,2.05,1.2762813568115234,6.2036896,6.3431997,6.2933426,6.4900007,6.1826453,6.1005716,6.1854167,6.13363,6.415998,6.3062105
1020,503.19,156.68,6.5,63.71,1.65,2.03,1.2762813568115234,6.20025,6.3616524,6.312908,6.7311893,6.3352904,6.2558265,6.331249,6.3603725,6.4527187,6.372631
1040,489.62,147.87,6.42,62.92,1.39,1.67,1.2762813568115234,6.12716,6.326638,6.4351745,6.5691047,6.225994,6.300562,6.1510344,6.240194,6.4022,6.1399126
1060,491.41,143.62,6.88,62.06,1.19,1.57,1.2762813568115234,5.918363,6.188946,6.2886252,6.6297164,6.236631,6.070598,6.1944256,6.108888,6.237415,6.1859884
1080,511.6,162.84,6.18,65.92,1.47,1.94,1.2762813568115234,6.4046125,6.4031386,6.59066,7.007601,6.61001,6.397278,6.743589,6.4694495,6.611331,6.680829
1100,498.84,157.24,6.22,63.95,1.31,1.74,1.3400954008102417,6.2076073,6.2089605,6.3466654,6.4573393,6.581237,6.2110767,6.537898,6.3113894,6.543396,6.54216
1120,486.5,138.81,6.75,62.08,1.28,1.77,1.3400954008102417,6.1257067,6.215261,6.0174675,6.2630024,6.42636,6.0470715,6.215226,6.1824045,6.4316816,6.157014
1140,495.71,148.86,6.54,63.01,1.35,2.0,1.3400954008102417,6.2875166,6.249818,6.437499,6.4312773,6.408893,6.1818953,6.0186534,6.166588,6.5441513,6.2875
1160,510.05,160.25,6.15,65.76,1.46,2.03,1.3400954008102417,6.4267616,6.5519385,6.3486667,6.866538,6.5920935,6.4423275,6.622672,6.588092,6.657214,6.6598353
1180,495.14,146.33,6.55,63.37,1.46,1.74,1.3400954008102417,6.116069,6.2853403,6.355678,6.6325293,6.229122,6.252491,6.3764925,6.462783,6.430644,6.2330985
1200,487.15,146.29,6.26,62.94,1.48,1.89,1.4071000814437866,6.2315884,6.175136,6.1590605,6.781294,6.2572556,6.0275745,6.209678,6.223024,6.621849,6.251348
1220,484.12,140.52,6.04,64.18,1.3,1.94,1.4071000814437866,6.359256,6.2216487,6.3873825,6.843404,6.2824306,6.1627655,6.3695974,6.5491004,6.5895615,6.410058
1240,494.6,146.96,6.48,62.79,1.58,1.75,1.4071000814437866,6.105999,6.3133903,6.387624,6.4318047,6.243531,6.009898,6.2049437,6.1226683,6.482892,6.483383
1260,499.06,153.48,6.04,64.68,1.3,1.87,1.4071000814437866,6.306573,6.40405,6.6614776,6.5396404,6.3107758,6.284833,6.462659,6.339924,6.9959974,6.378709
1280,490.83,146.88,6.29,62.97,1.33,2.01,1.4071000814437866,6.186599,6.125698,6.446724,6.4813404,6.118297,6.155283,6.236698,6.3881836,6.607618,6.2245803
1300,477.31,135.1,6.35,62.21,1.77,2.41,1.4774550199508667,6.238796,6.061596,6.2676425,6.3198214,6.1045465,6.158258,6.198004,6.1971884,6.386198,6.281245
1320,490.85,138.31,6.61,62.7,1.69,2.3,1.4774550199508667,6.1224546,6.117181,6.085437,6.4529686,6.1926346,6.23068,6.366334,6.219964,6.5158844,6.394475
1340,492.45,139.23,6.49,63.42,1.78,2.0,1.4774550199508667,6.190277,6.0579634,6.505246,6.170185,6.34052,6.2520914,6.7056313,6.306547,6.578603,6.316297
1360,485.82,138.94,6.35,62.66,1.63,2.07,1.4774550199508667,6.0511055,6.053726,6.2514954,6.2890244,6.149601,6.1090865,6.5205975,6.3741903,6.5975623,6.2633514
1380,491.95,143.7,6.27,63.44,1.69,2.02,1.4774550199508667,6.32192,6.1638308,6.295408,6.222889,6.312747,6.2340984,6.333596,6.425821,6.791458,6.3399863
1400,494.42,143.26,5.97,65.73,1.86,2.21,1.5513277053833008,6.4265347,6.4587765,6.610962,6.556104,6.602021,6.3857913,6.546485,6.7551837,6.8754935,6.5125923
1420,497.12,143.28,6.27,64.1,2.05,2.22,1.5513277053833008,6.459699,6.3624945,6.430458,6.5134573,6.319392,6.2781134,6.1683273,6.4105697,6.7168884,6.441787
1440,483.37,135.68,6.24,62.83,1.33,2.08,1.5513277053833008,6.2108626,6.3290725,6.1858253,6.306974,6.260624,6.1736755,6.162348,6.3005934,6.713348,6.1910057
1460,491.65,141.23,6.12,64.08,2.17,2.4,1.5513277053833008,6.483869,6.3616805,6.4044704,6.2575736,6.5773563,6.190632,6.2966394,6.331354,6.6824245,6.498229
1480,498.01,146.57,6.24,63.63,2.14,2.34,1.5513277053833008,6.4229155,6.4158607,6.110498,6.2863503,6.7085953,6.1905017,6.273821,6.342395,6.421382,6.4591346
1500,501.41,149.26,6.14,64.45,1.84,2.26,1.6288939714431763,6.517282,6.536764,6.511961,6.4299517,6.439869,6.324748,6.281891,6.358518,6.5603733,6.4864516
1520,496.51,140.47,6.1,64.92,2.11,2.52,1.6288939714431763,6.7062297,6.5282555,6.6508217,6.600688,6.426752,6.33382,6.3211317,6.3733306,6.3948174,6.5866385
1540,501.31,143.13,6.34,64.1,1.89,2.35,1.6288939714431763,6.744031,6.2645626,6.6018806,6.4796042,6.5369797,6.087905,6.254148,6.2086825,6.5991707,6.3195686
1560,510.4,150.77,5.86,67.09,2.03,2.33,1.6288939714431763,6.7066946,6.5141735,6.646228,6.7662535,6.927053,6.2581835,6.7074447,6.950071,7.1458797,6.4722633
1580,496.78,142.13,6.13,64.28,2.08,2.04,1.6288939714431763,6.512241,6.2785144,6.5104403,6.708812,6.4024577,6.1952486,6.2516594,6.1426573,6.7493925,6.531761
1600,492.14,134.11,6.2,64.79,1.97,2.22,1.7103385925292969,6.531726,6.20458,6.6602683,6.535084,6.551156,6.218725,6.485359,6.258415,6.951393,6.397667
1620,499.89,141.14,5.9,66.03,1.78,2.43,1.7103385925292969,6.579939,6.407859,6.5510817,6.794301,6.644578,6.5865507,6.5018363,6.581529,6.8216248,6.563998
1640,507.05,147.65,5.91,66.02,2.08,2.41,1.7103385925292969,6.6571264,6.6671557,6.5764556,6.69765,6.9057875,6.3580008,6.6128435,6.411503,6.494129,6.635133
1660,500.57,139.05,6.16,65.15,1.93,2.25,1.7103385925292969,6.362901,6.4877067,6.583774,6.6587887,6.570031,6.1905494,6.5474987,6.5023375,6.769622,6.472745
1680,498.42,141.36,6.14,64.33,1.47,2.39,1.7103385925292969,6.4575253,6.3512917,6.400401,6.567421,6.5585976,6.2414618,6.4503393,6.262611,6.409677,6.633281
1700,491.07,134.63,6.11,64.16,1.7,1.99,1.7958554029464722,6.211492,6.478717,6.3161507,6.454908,6.417939,6.267179,6.4189677,6.389989,6.7838507,6.420761
1720,489.22,132.84,6.03,63.79,1.71,1.92,1.7958554029464722,6.2003956,6.6487722,6.496044,6.5157886,6.1899223,6.276905,6.2379694,6.2541494,6.6729865,6.2974195
1740,487.26,126.22,6.07,64.91,1.41,2.21,1.7958554029464722,6.2461147,6.454442,6.5904293,6.48777,6.3602023,6.4212008,6.405361,6.592933,6.8148594,6.533885
1760,504.58,143.26,6.06,65.03,1.68,2.53,1.7958554029464722,6.3819094,6.608251,6.8561125,6.4580855,6.3449955,6.5036445,6.4164457,6.3285747,6.630632,6.4973097
1780,509.19,142.76,6.33,64.59,1.68,1.85,1.7958554029464722,6.281797,6.611856,6.7047324,6.183982,6.394065,6.4854517,6.405884,6.3729286,6.791128,6.3543944
1800,493.19,131.15,6.12,64.74,1.8,2.09,1.8856481313705444,6.58206,6.4439306,6.787645,6.107113,6.643842,6.5047903,6.416837,6.4494286,6.4940486,6.31311
1820,499.85,132.71,5.88,66.6,1.93,2.36,1.8856481313705444,6.875785,6.6748,6.924923,6.476839,6.841066,6.5203757,6.700632,6.3954864,6.628898,6.5629053
1840,494.15,128.97,5.98,65.63,1.9,2.7,1.8856481313705444,6.8301315,6.663333,6.4955764,6.40448,6.717226,6.5263643,6.435598,6.5107574,6.453125,6.589176
1860,509.65,146.74,5.86,65.77,1.53,2.39,1.8856481313705444,6.4691286,6.460414,6.442753,6.5635242,6.615171,6.395302,6.6810145,6.6857624,6.804411,6.651933
1880,492.17,124.88,6.39,63.68,1.69,2.21,1.8856481313705444,6.25501,6.3506813,6.212513,6.2987604,6.5648704,6.245598,6.321495,6.5702143,6.444374,6.4143844
1900,510.32,144.91,5.79,66.61,2.19,2.36,1.9799304008483887,6.7195473,6.434188,6.6567836,6.653169,6.6394515,6.3129854,6.915184,6.777261,6.904306,6.596875
1920,498.73,129.28,5.98,65.71,2.09,2.39,1.9799304008483887,6.447057,6.6512375,6.623189,6.7892065,6.659025,6.187603,6.338521,6.727127,6.8174586,6.473573
1940,498.33,125.9,6.24,64.99,1.68,2.39,1.9799304008483887,6.318429,6.333885,6.577116,6.6176033,6.748066,6.1116767,6.651428,6.5813293,6.520694,6.53227
1960,503.62,132.74,5.85,66.96,1.62,2.27,1.9799304008483887,6.6579094,6.4692736,6.9298687,6.6970882,6.940395,6.3768787,6.5369425,6.776417,6.8827906,6.693332
1980,487.5,119.84,5.88,65.91,1.7,2.21,1.9799304008483887,6.476831,6.4787254,6.7765007,6.5760784,6.925358,6.199667,6.39985,6.792909,6.767828,6.519435
2000,505.93,140.73,5.77,66.04,1.9,2.76,2.0789268016815186,6.4099784,6.6474853,6.8723617,6.539197,6.8588095,6.2727776,6.4071364,6.578458,7.0006595,6.4574966
2020,495.54,125.38,6.2,63.74,1.63,2.24,2.0789268016815186,6.1248655,6.318306,6.30001,6.517156,6.714367,6.085063,6.2084455,6.4999437,6.582954,6.3932014
2040,477.45,113.22,5.91,64.0,1.84,2.35,2.0789268016815186,6.27363,6.2877264,6.3103724,6.388549,6.8160667,6.177146,6.418232,6.351976,6.5803547,6.3965807
2060,506.71,129.63,6.04,66.4,1.87,2.26,2.0789268016815186,6.6049037,6.527988,6.4505706,6.294397,7.1517043,6.422394,6.6451454,6.8677897,6.798027,6.639877
2080,499.56,127.48,5.77,66.9,1.94,2.64,2.0789268016815186,6.536514,6.8023815,6.375652,6.8191986,6.951003,6.5649443,6.508291,6.8128676,6.545143,6.9849715
2100,499.6,121.15,6.31,65.08,1.69,2.05,2.182873010635376,6.5823984,6.365156,6.212185,6.5067053,6.3578987,6.293292,6.4468665,6.8854713,7.0568504,6.375705
2120,503.48,130.56,5.84,65.69,1.95,2.33,2.182873010635376,6.5184813,6.4306307,6.381124,6.493927,6.7658787,6.6043563,6.4543085,6.752571,6.658223,6.63236
2140,497.38,124.56,5.86,65.53,1.93,2.31,2.182873010635376,6.6033134,6.262506,6.650279,6.4919596,6.698272,6.43159,6.551609,6.606798,6.6214504,6.609974
2160,512.68,131.96,6.04,66.43,1.82,2.33,2.182873010635376,6.7163677,6.2181225,6.80327,6.5099845,6.7824326,6.411213,6.5771656,6.754928,6.9535823,6.702041
2180,525.12,146.42,5.72,67.93,2.09,2.85,2.182873010635376,7.1018896,6.457214,6.618023,6.948004,6.6525993,6.605708,6.6525702,7.342073,6.9478073,6.601676
2200,503.31,123.12,6.21,65.17,1.94,2.41,2.2920165061950684,6.693975,6.3319693,6.6617403,6.469985,6.442894,6.314804,6.398323,7.071722,6.555479,6.225837
2220,511.73,127.08,6.09,66.1,1.99,2.47,2.2920165061950684,6.6384296,6.4331183,6.9984055,6.383472,6.678321,6.6376452,6.6559696,6.8068924,6.398866,6.4644146
2240,515.58,133.9,5.66,68.04,1.94,2.32,2.2920165061950684,6.6788893,6.483138,7.2928915,6.5559573,6.802603,6.836414,7.0033417,7.193308,6.5125656,6.681967
2260,500.2,121.97,5.85,65.97,1.9,2.14,2.2920165061950684,6.3914423,6.6882873,6.852021,6.6798534,6.3313055,6.7632675,6.3953123,7.0644617,6.5783987,6.22837
2280,523.13,130.73,5.93,69.1,2.19,2.77,2.2920165061950684,7.03366,6.5799003,6.8826733,7.2417145,6.618213,6.862482,6.773443,7.5307274,6.9224486,6.651952
2300,511.88,121.81,6.22,66.63,2.04,2.79,2.4066171646118164,6.80072,6.3644295,6.467041,6.9374733,6.5867033,6.600694,6.53388,7.304309,6.6135426,6.4216533
2320,527.24,133.54,5.96,68.13,2.11,2.48,2.4066171646118164,6.513652,6.6063757,7.125921,7.030425,6.589092,6.5909514,6.8946905,7.4516287,6.5930037,6.735422
2340,521.92,134.38,5.66,68.46,2.21,2.29,2.4066171646118164,6.6448584,6.4031286,6.984819,6.728513,6.77695,6.8075905,6.9502974,7.575408,6.9292483,6.656766
2360,520.96,127.52,5.79,69.18,2.3,2.61,2.4066171646118164,6.9767723,6.4322157,7.15637,6.861566,6.6263137,6.631652,7.09983,7.817737,7.052337,6.5239115
2380,509.93,124.87,5.86,66.67,2.22,2.7,2.4066171646118164,6.609379,6.529236,6.738283,6.497984,6.643007,6.2949753,7.011222,7.2244625,6.575258,6.5428944
2400,518.58,118.75,6.34,67.21,1.89,2.52,2.5269479751586914,6.3812466,6.2763786,6.5076857,6.687213,6.8428397,6.497073,6.9035654,7.680916,6.858024,6.5742393
2420,536.14,134.22,5.59,71.48,2.51,2.45,2.5269479751586914,6.5409813,6.9870796,7.324768,6.782365,7.039617,6.9994507,7.318166,8.3313465,7.1117783,7.043213
2440,536.14,136.79,6.03,68.01,2.23,2.78,2.5269479751586914,6.696002,6.648921,7.240056,6.7926693,6.65158,6.658761,6.758896,7.26975,6.7494674,6.544019
2460,516.96,120.31,6.14,66.6,2.16,2.62,2.5269479751586914,6.714942,6.5003066,6.969226,6.643729,6.459999,6.595676,6.5346923,7.111664,6.61862,6.4551992
2480,514.49,120.92,5.96,67.1,2.04,2.86,2.5269479751586914,6.7605286,6.585769,7.0600195,6.754255,6.40435,6.5485973,6.7282467,7.104842,6.619936,6.537351
2500,518.77,129.18,5.94,66.17,1.75,2.34,2.6532952785491943,6.549709,6.6746206,7.0963593,6.363479,6.4920015,6.5820236,6.6022277,6.771955,6.538633,6.503854
2520,517.34,125.91,5.61,67.8,1.7,2.22,2.6532952785491943,6.664754,6.6351614,7.0603576,6.7266674,6.8586645,6.4796667,7.018173,7.190152,6.5811157,6.581758
2540,533.15,136.99,5.64,68.65,2.0,2.12,2.6532952785491943,6.71132,6.581827,7.260993,6.9890323,6.860952,6.6762114,7.0279207,7.111767,6.678664,6.752142
2560,522.33,130.37,5.93,65.71,1.85,2.33,2.6532952785491943,6.627651,6.4327717,6.9053383,6.5131416,6.5078077,6.645227,6.682351,6.4240947,6.521261,6.4524093
2580,526.55,135.48,5.36,69.48,1.66,2.46,2.6532952785491943,6.867696,6.641683,7.3435073,6.856002,6.877723,6.784664,7.2934904,7.069083,6.8649187,6.880104
2600,529.02,135.82,5.68,67.75,2.03,2.51,2.7859599590301514,6.940883,6.4968233,7.3286185,6.724229,6.6408987,6.778945,6.844365,6.795456,6.6439734,6.5552254
2620,526.72,133.13,5.86,65.48,1.79,2.36,2.7859599590301514,6.6873684,6.311388,6.8327913,6.8097105,6.475456,6.5576377,6.500343,6.5907116,6.3489604,6.3704505
2640,515.35,122.61,5.96,64.47,1.88,2.17,2.7859599590301514,6.721263,6.3369446,6.6585712,6.6337147,6.582523,6.3221703,6.398903,6.3143897,6.156741,6.3486056
2660,533.85,137.87,5.79,66.44,1.97,2.18,2.7859599590301514,6.7888217,6.6286173,7.015337,6.5972404,6.6410303,6.5473776,6.6625934,6.7979846,6.2914386,6.47047
2680,528.22,135.72,5.54,67.36,2.08,2.37,2.7859599590301514,6.885402,6.926187,6.855379,6.640704,6.9519625,6.5370855,6.745123,6.548397,6.651614,6.622045
2700,528.85,137.44,5.44,67.75,1.97,2.14,2.925257921218872,6.824237,6.6552687,7.1356425,7.0005026,6.811975,6.560007,6.695903,6.6907578,6.886301,6.4864006
2720,537.08,129.54,5.98,66.75,1.91,2.14,2.925257921218872,6.699167,6.4570847,6.9662943,6.471283,6.6113563,6.643022,6.8844657,6.721917,6.605474,6.6908293
2740,534.19,128.02,5.7,68.46,2.07,2.38,2.925257921218872,6.8937607,6.588249,7.216037,6.7762375,6.662121,6.9613724,6.935004,6.7797995,6.8120556,6.8366528
2760,542.57,138.09,5.61,68.73,1.87,2.3,2.925257921218872,6.8884254,6.6896257,7.298298,6.6848793,6.834136,6.834291,7.3333945,6.807747,6.6718483,6.6884584
2780,527.82,131.55,5.58,66.95,1.84,2.3,2.925257921218872,6.7512665,6.6571226,6.755682,6.726917,6.7876368,6.828151,6.64191,6.443662,6.6449394,6.709284
2800,521.26,126.02,5.59,66.57,2.23,2.67,3.0715205669403076,6.903417,6.612212,6.840229,6.645744,6.4706097,6.478994,6.7950697,6.7285805,6.7178097,6.3780117
2820,536.24,125.91,5.79,67.7,1.92,2.65,3.0715205669403076,7.2078915,6.669301,6.959871,7.022316,6.7179184,6.6968718,6.6836677,6.665359,6.7017226,6.3725486
2840,534.06,122.48,5.73,68.27,2.21,2.22,3.0715205669403076,7.3370256,6.303611,7.17834,6.7526217,7.0385017,6.5708365,6.944387,6.794393,6.785244,6.5660505
2860,533.44,127.55,5.67,67.46,1.98,2.53,3.0715205669403076,7.080696,6.7893653,6.8026214,6.91593,6.9994955,6.514926,6.7745876,6.649212,6.519369,6.41551
2880,539.33,130.54,5.72,67.77,2.59,2.97,3.0715205669403076,7.042324,7.0208435,6.9129558,7.2506275,6.804256,6.535262,6.70914,6.513986,6.680153,6.303352
2900,524.37,123.96,5.56,66.82,2.22,2.48,3.2250964641571045,6.669126,6.970882,6.873302,6.890792,6.500037,6.562343,6.7141066,6.546217,6.653576,6.434721
2920,542.71,124.62,5.81,68.12,2.43,2.98,3.2250964641571045,6.6596885,7.203376,7.0138264,7.0204725,6.5974455,6.6433372,6.9353075,6.568142,6.8612127,6.6155243
2940,544.0,124.06,5.82,68.48,1.99,2.63,3.2250964641571045,6.8091993,6.8458385,7.0619826,6.9232626,6.993046,6.689538,6.9375334,6.759706,6.767698,6.695476
2960,530.14,125.52,5.29,68.73,1.94,2.69,3.2250964641571045,6.8958564,7.1175914,6.8787107,7.264797,6.9224663,6.635847,6.8096266,6.726989,6.836693,6.6463428
2980,543.97,128.15,5.42,70.55,2.26,2.95,3.2250964641571045,7.1756516,7.1819143,7.2639227,7.414745,6.8450155,6.8281918,7.13499,7.0057697,7.004607,6.695244
3000,534.44,123.17,5.59,68.14,2.14,3.0,3.3863511085510254,7.0689116,6.7398033,6.7539725,7.3411098,6.934909,6.5512176,6.8287635,6.728958,6.7589283,6.4334745
3020,546.1,134.91,5.27,69.08,2.27,2.37,3.3863511085510254,6.9080772,6.7115574,7.174947,7.255891,6.896469,6.748358,6.980899,6.875802,6.756139,6.7671776
3040,536.52,122.4,5.4,69.05,2.19,3.09,3.3863511085510254,7.21009,6.90859,7.2807045,7.075324,6.7400904,6.659583,6.8794737,6.8942614,6.7073336,6.6895885
3060,554.0,136.39,5.64,68.01,2.02,2.9,3.3863511085510254,6.5833473,7.3098655,7.0726776,7.077501,6.643364,6.528444,6.8807807,6.7873206,6.6124315,6.5130625
3080,535.36,126.65,5.5,66.78,1.93,2.25,3.3863511085510254,6.6420016,6.862331,7.033187,6.847324,6.5486574,6.752992,6.591102,6.624738,6.4347796,6.442224
3100,552.38,137.37,5.65,67.25,2.12,2.84,3.555668592453003,6.84522,6.8894687,6.9234247,6.8136764,6.557197,6.714222,6.882505,6.591365,6.5733814,6.4555335
3120,554.01,132.69,5.56,68.13,1.97,2.56,3.555668592453003,6.940852,6.8442264,6.8950605,6.9958777,6.772933,6.9366903,6.7723694,6.6531286,6.632421,6.6831255
3140,540.91,124.23,5.38,68.42,1.84,2.49,3.555668592453003,6.9425955,6.74748,7.0395827,6.828598,6.954319,6.7004747,6.9354706,6.8602805,6.6945972,6.718921
3160,568.07,142.39,5.44,70.07,2.39,2.77,3.555668592453003,6.868739,7.2292395,7.2867775,7.2976704,7.073495,6.748826,7.068601,7.0096827,6.723792,6.7651625
3180,537.82,120.49,5.65,66.25,2.27,2.37,3.555668592453003,6.882541,6.5725036,6.6758685,6.6500945,6.8312416,6.332,6.636415,6.5757475,6.4346733,6.65858
3200,539.74,123.59,5.35,68.53,2.53,3.13,3.7334518432617188,7.347696,6.8452964,6.9520926,6.7651706,6.832231,6.4730644,7.193332,6.7455587,6.714414,6.665287
3220,546.63,122.62,5.31,69.27,2.39,2.69,3.7334518432617188,7.314637,6.864355,6.9674616,7.070007,6.8618236,6.856619,6.699915,6.7913127,6.7655845,7.0802727
3240,559.68,132.45,5.16,71.43,2.5,3.17,3.7334518432617188,7.477613,7.2379704,7.0275974,7.080963,7.4569244,6.803815,7.372754,6.8262877,7.0239973,7.122427
3260,560.5,131.05,5.77,66.89,2.22,2.72,3.7334518432617188,6.6409664,6.7926397,6.6710105,6.9476805,6.659443,6.442012,6.8697815,6.5489326,6.6042933,6.7148457
3280,561.19,135.72,5.16,70.71,2.69,2.35,3.7334518432617188,7.194322,6.988317,7.001257,7.177581,7.249715,6.9068294,7.0068674,7.064989,7.1460295,6.9753084
3300,554.9,124.59,5.61,68.34,2.31,2.56,3.9201242923736572,6.833354,6.744193,6.79797,7.0472736,6.9090195,6.5939255,6.7848926,7.0267076,6.8085346,6.7933903
3320,556.01,119.97,5.57,68.66,2.23,2.74,3.9201242923736572,6.91661,6.752388,6.742506,7.011221,7.2235312,6.7397614,6.924515,6.9170904,6.807658,6.62708
3340,552.38,122.88,5.42,68.2,2.48,2.58,3.9201242923736572,6.8956833,7.093014,6.8080974,6.7484145,6.9036016,6.6941237,6.933605,6.948175,6.6246033,6.5519257
3360,567.76,137.21,5.14,70.92,2.1,2.45,3.9201242923736572,7.001132,7.3143873,7.1908875,7.0701523,7.1656737,6.9095626,7.113626,7.3136616,6.829616,7.014879
3380,583.82,147.68,5.31,70.85,2.12,2.35,3.9201242923736572,7.0813856,7.037693,6.9958453,6.970285,7.4476204,6.893963,7.1542654,7.0947495,7.11001,7.0652905
3400,580.64,151.49,5.09,71.04,1.99,2.67,4.116130352020264,7.269298,6.946937,6.8044777,7.0952473,7.2707167,6.8845634,7.2636313,7.1586356,7.3174796,7.029699
3420,578.53,135.21,5.8,66.74,1.95,2.58,4.116130352020264,6.6532955,6.7076254,6.5107155,6.697834,6.723684,6.513746,6.8409386,6.690632,6.790872,6.6136026
3440,571.58,131.0,5.57,68.02,2.48,2.66,4.116130352020264,7.033962,6.5817575,6.806486,6.6235294,6.982444,6.450786,7.0518265,6.682167,7.028887,6.782426
3460,560.79,122.46,5.34,69.52,2.44,2.43,4.116130352020264,7.1447477,6.735367,7.050212,6.7567635,7.2122855,6.9179015,7.050088,6.7608867,6.8781443,7.017488
3480,564.33,128.47,5.39,68.49,2.43,2.86,4.116130352020264,7.157325,6.8027186,6.8459854,6.8112464,6.8219733,6.622646,6.766979,7.048335,6.688177,6.9267263
3500,581.18,139.14,5.2,71.65,2.9,2.83,4.32193660736084,7.4586844,7.2542715,7.016952,6.8357997,7.239211,7.0500402,7.2348857,7.2507963,6.9958415,7.313327
3520,578.01,131.84,5.31,70.14,2.26,2.61,4.32193660736084,7.1748657,6.7675714,6.767206,6.742217,7.2579193,6.8019733,7.162901,7.1379194,7.1323395,7.193357
3540,584.44,131.09,5.52,70.06,2.77,3.08,4.32193660736084,7.3682055,6.4436846,6.84655,6.9081855,7.047462,6.7879558,7.1919246,7.305196,7.031275,7.1267924
3560,576.1,129.27,5.04,72.86,2.21,2.8,4.32193660736084,7.4385605,6.909149,7.15847,7.134143,7.3386574,7.2846117,7.6962185,7.220748,7.3416567,7.3417892
3580,586.61,131.75,5.55,70.2,2.02,2.85,4.32193660736084,7.13552,6.8711467,7.028736,6.9958496,7.136985,7.211496,6.992773,6.922902,6.776687,7.12948
3600,571.47,123.14,5.67,67.49,2.01,2.92,4.5380330085754395,7.0689464,6.64693,6.7405243,6.610072,6.7976875,6.618114,6.8535194,6.8285456,6.4542236,6.871169
3620,600.66,134.99,5.51,71.43,2.79,3.2,4.5380330085754395,7.7621264,6.9168067,6.950922,6.8328986,7.2758207,6.8960524,7.071067,7.295856,6.6867156,7.739
3640,593.04,135.18,5.38,70.72,1.98,2.54,4.5380330085754395,7.6094246,7.0159316,6.6872454,6.861234,7.230096,6.990762,7.059371,7.482309,6.5990386,7.1824675
3660,601.6,129.4,5.62,71.87,2.89,2.96,4.5380330085754395,7.6151056,7.155927,7.312587,6.9475093,7.1238976,6.955146,7.1367254,7.4773235,6.8629375,7.283895
3680,589.13,126.47,5.31,72.5,2.46,2.52,4.5380330085754395,7.1381755,7.1110053,7.0940814,7.0455647,7.6071486,7.1820445,7.5375566,7.481546,6.9881167,7.3105426
3700,563.6,110.54,5.16,71.54,2.68,2.79,4.764934539794922,7.323263,7.265274,7.1841884,6.7643623,7.108944,7.13064,7.339958,7.192052,6.869747,7.3655524
3720,588.51,118.2,5.51,70.76,2.04,2.74,4.764934539794922,7.3730426,6.831749,7.013763,6.876089,7.113452,6.9474864,7.597686,7.2197733,6.8867254,6.897189
3740,596.88,125.29,5.26,73.47,2.78,3.04,4.764934539794922,7.658699,7.0474143,7.499423,7.126022,7.1895714,7.027211,7.9216113,7.5379066,6.9717474,7.4896336
3760,592.04,117.01,5.35,73.65,2.66,3.65,4.764934539794922,7.6548395,7.278398,7.243694,7.258301,7.578594,6.86236,7.8900466,7.6663876,6.9266453,7.28738
3780,590.16,121.72,5.32,72.09,2.45,2.62,4.764934539794922,7.256484,7.0082564,6.894884,7.3760023,7.253933,6.824037,7.64083,7.594948,6.7747374,7.4617577
3800,601.25,119.82,5.6,72.59,2.46,3.02,5.003180980682373,7.567853,7.032303,7.0756583,7.496335,7.409898,6.8025846,7.515123,7.7317543,6.495675,7.458665
3820,607.89,127.07,5.35,73.15,2.4,3.22,5.003180980682373,7.538028,6.9695735,7.298252,7.4331107,7.496337,6.872377,7.180194,7.865494,6.553108,7.941396
3840,596.26,113.36,5.11,75.89,2.77,2.96,5.003180980682373,7.806064,7.3947287,7.5331993,7.96097,7.9212794,7.2879486,7.459298,8.046263,6.7029276,7.7731934
3860,614.87,122.93,5.36,75.72,2.83,3.25,5.003180980682373,8.365726,7.2619743,7.426782,7.8286276,8.000063,7.0131354,7.162715,8.0343075,6.697652,7.929313
3880,615.68,121.38,5.16,78.39,2.94,3.55,5.003180980682373,8.620135,7.246788,7.984062,7.8194923,8.286474,7.026765,7.444373,8.541133,7.108127,8.314124
3900,625.76,125.9,5.27,78.49,3.17,3.16,5.253339767456055,8.270956,7.272311,8.036814,8.179993,7.7579265,7.356035,7.4855566,8.538147,7.4281135,8.162434
3920,625.07,121.59,5.37,76.42,2.81,3.03,5.253339767456055,8.070185,7.0929694,7.700947,7.8973365,8.682778,7.3055816,7.2326784,7.7274795,7.183477,7.5286474
3940,609.69,117.9,5.05,76.82,2.78,3.06,5.253339767456055,8.094623,7.5068684,8.238412,7.9401546,7.5225997,7.374034,7.3284984,7.9514403,7.2625294,7.6054316
3960,620.51,120.29,5.01,79.42,2.69,3.35,5.253339767456055,8.301743,7.8806505,7.764407,8.365378,7.990171,7.7198234,7.40477,8.342756,7.5972056,8.049428
3980,626.58,127.78,5.07,78.42,2.89,3.4,5.253339767456055,8.123388,7.922366,7.773243,8.37542,7.785118,7.544133,7.3439994,8.047097,7.4086795,8.091614
4000,622.53,128.91,5.15,76.31,2.76,3.12,5.5160064697265625,7.7675343,7.4830246,7.932372,7.818945,7.8159676,6.970989,7.3457637,8.164091,7.32208,7.684229
4020,630.28,126.17,5.36,74.55,2.57,2.98,5.5160064697265625,7.69781,7.244066,7.690796,7.6490264,7.6179385,7.253269,7.1722274,7.5722747,7.1950736,7.458702
4040,640.46,133.09,5.35,75.58,2.55,3.14,5.5160064697265625,7.6109533,7.3795547,7.4494033,7.7285194,8.00188,7.348552,7.3140616,7.6853294,7.2921004,7.7731886
4060,605.54,115.57,4.91,76.07,2.29,3.2,5.5160064697265625,7.661727,7.624778,7.1860747,7.8469477,7.781101,7.3118114,7.6633906,7.7383156,7.4465084,7.8072295
4080,622.88,123.83,5.05,76.69,2.6,2.95,5.5160064697265625,7.527791,8.02122,7.2629976,7.8861732,7.567457,7.5867605,7.261554,7.9572005,7.408483,8.208668
4100,607.66,111.48,5.32,73.13,2.24,2.95,5.791806697845459,7.1113925,7.4722567,7.555177,7.7004337,7.2597246,6.6737933,7.254514,7.5446024,7.092111,7.4666443
4120,632.92,121.58,5.28,75.04,2.97,2.94,5.791806697845459,7.314948,7.389213,7.1313534,7.634059,7.9358096,7.311729,7.430355,7.7265596,7.141572,8.019814
4140,609.81,106.7,5.26,73.27,2.31,2.93,5.791806697845459,6.9038696,7.4905734,7.102894,7.2566905,7.708193,7.0999827,7.550395,7.6569357,7.0449743,7.4558616
4160,627.68,121.93,4.85,78.43,2.69,2.7,5.791806697845459,7.448852,8.181372,7.6568794,7.869727,7.880533,7.7689314,7.5540724,8.296992,7.5132437,8.25458
4180,639.8,136.26,4.8,78.46,2.63,2.69,5.791806697845459,7.8240886,7.9726806,7.51312,7.767957,7.688823,7.721801,7.6239467,8.533404,7.5788984,8.238942
4200,631.53,131.35,4.89,76.75,2.43,3.14,6.081396579742432,7.731743,7.598592,7.8882303,7.563102,7.5844345,7.489419,7.5062103,8.278617,7.588163,7.523805
4220,622.35,125.25,4.92,73.45,2.07,2.72,6.081396579742432,7.2424254,7.4136405,7.593979,7.2482657,7.270324,6.870101,7.3493385,7.9800367,7.422024,7.0586944
4240,612.34,115.35,5.1,71.35,2.2,2.57,6.081396579742432,6.982458,7.0464325,7.5226965,7.1282406,7.1806087,6.8232803,7.262592,7.4927664,7.121249,6.7914705
4260,635.37,128.29,4.97,75.42,2.04,2.79,6.081396579742432,7.3318534,7.613039,7.697761,7.75276,7.303386,7.2790327,7.6900826,8.009108,7.225635,7.51836
4280,634.84,123.79,5.22,73.59,1.93,3.13,6.081396579742432,7.5020247,7.493683,7.514486,7.3991365,7.19001,7.102025,7.262624,7.818865,7.0710716,7.238783
4300,629.43,130.19,4.85,75.01,1.93,3.09,6.3854660987854,7.226848,7.6585884,7.4330406,7.364682,7.445726,7.1874514,7.5748167,8.300446,7.505739,7.3111625
4320,623.06,118.33,5.19,70.0,1.85,2.67,6.3854660987854,6.9111037,7.019447,6.9001026,7.263481,6.885914,6.887252,6.958984,7.035095,6.9549627,7.179061
4340,632.72,117.15,5.21,72.32,2.08,2.32,6.3854660987854,7.2253723,7.1822505,7.0683665,7.479261,7.083514,7.247051,7.31863,7.2988753,7.0801787,7.3395514
4360,656.46,143.28,5.0,74.4,2.28,3.12,6.3854660987854,7.651901,7.72904,7.7505026,7.401127,7.4597464,7.097528,7.3628035,7.81274,7.037231,7.097028
4380,634.22,119.62,5.3,71.03,1.84,2.5,6.3854660987854,6.9429183,7.017391,6.959934,7.4267454,7.002714,6.933446,7.209962,7.295658,6.854129,7.39077
4400,622.67,114.43,4.83,74.92,2.51,2.56,6.704739093780518,7.361949,7.4839783,7.385469,7.6896415,7.3677063,7.194963,7.557744,7.977993,7.230064,7.669056
4420,637.25,117.09,4.84,75.59,2.26,2.63,6.704739093780518,7.502414,7.2981105,7.952958,7.415533,7.7621,7.110563,7.7558374,7.809146,7.342344,7.6453433
4440,638.91,116.49,4.74,77.46,1.85,2.61,6.704739093780518,7.670554,7.316883,8.041256,7.678274,7.8419294,7.3528724,8.016197,8.152309,7.65505,7.7386646
4460,634.51,118.38,4.86,74.37,2.19,2.52,6.704739093780518,7.4856467,7.2069864,7.803334,7.2947636,7.6049376,7.066875,7.6758223,7.6480994,7.2183094,7.361047
4480,645.73,121.78,5.14,72.78,1.99,2.23,6.704739093780518,7.036358,7.14167,7.1594844,7.7115974,7.1481647,7.14371,7.4582725,7.476057,7.1600485,7.341184
4500,658.65,126.86,5.11,75.27,2.08,2.79,7.039975643157959,7.4560356,7.363754,7.6607428,7.6735315,7.450141,7.175157,7.7518806,7.998333,7.1303115,7.608265
4520,651.16,112.23,5.18,73.41,1.73,2.27,7.039975643157959,7.1113625,6.935294,7.2884684,7.8728685,7.341133,7.144766,7.478128,7.4965816,7.14117,7.5996284
4540,670.28,121.74,5.22,75.37,2.12,2.75,7.039975643157959,7.4729953,6.997768,8.199866,7.6759214,7.745866,7.1615314,7.9692907,7.752996,7.1680923,7.2209735
4560,657.69,120.23,4.71,79.22,2.53,3.27,7.039975643157959,7.963825,7.394998,7.9496017,8.147303,7.7864223,7.6528234,8.504238,8.18051,7.630867,8.007729
4580,664.11,117.29,4.85,79.76,2.12,2.66,7.039975643157959,7.744272,7.3801966,7.7755585,8.195047,8.318171,7.7579074,8.703417,8.126896,7.928577,7.8319144
4600,670.04,125.77,4.7,80.95,2.63,2.83,7.391973972320557,8.152253,7.678817,7.7444015,8.114557,8.082878,7.834404,8.484755,8.574225,8.271605,8.015657
4620,659.68,113.04,4.76,78.37,2.59,2.95,7.391973972320557,7.871808,7.5190597,8.028067,7.9508085,7.957694,7.477075,7.9949164,8.006794,7.9041553,7.656933
4640,668.92,118.96,4.94,76.79,2.38,3.3,7.391973972320557,8.309298,7.188379,7.736882,7.9151187,7.501836,7.407617,8.231165,7.3699813,7.5938225,7.5362544
4660,677.86,121.91,5.17,75.13,2.49,3.22,7.391973972320557,7.7419195,7.078838,7.606588,7.756649,7.265189,7.1830473,7.8329306,7.6525536,7.3076377,7.7053366
4680,671.19,123.57,4.92,76.4,2.65,2.83,7.391973972320557,7.7007513,7.1204276,8.11181,7.852808,7.706272,7.275579,7.8864303,7.794449,7.3764,7.576536
4700,649.53,106.76,5.0,74.09,2.51,2.76,7.761572360992432,7.471166,7.188246,7.4036,7.1707754,7.236694,7.30653,8.0197935,7.5831337,7.20724,7.5036774
4720,664.94,109.47,4.93,75.5,2.27,2.55,7.761572360992432,7.4038754,7.5402617,7.669681,7.786752,7.4337263,7.1221175,7.87207,7.853622,7.253125,7.569236
4740,675.39,110.55,4.79,79.74,2.76,2.86,7.761572360992432,7.822202,7.8434668,7.9146023,8.080456,7.835988,7.537552,8.675313,8.614579,7.3711967,8.047419
4760,689.75,131.79,4.76,78.48,2.39,2.71,7.761572360992432,7.5000916,7.3607345,7.755258,8.288658,7.781272,7.2683268,8.501276,8.169304,7.595956,8.260569
4780,687.78,114.85,5.23,75.53,2.57,2.89,7.761572360992432,7.738803,7.130555,7.450372,7.744631,7.347673,7.097146,8.250931,7.9479094,6.9999824,7.8192053
4800,678.52,112.62,4.99,77.36,2.45,3.1,8.149650573730469,7.463651,7.7963595,8.058449,8.12627,7.482932,7.29779,7.776052,8.158872,7.383917,7.817466
4820,698.47,115.85,4.94,79.37,2.6,3.26,8.149650573730469,7.816574,7.5103736,7.7150183,8.301279,7.7304487,7.4751754,8.868918,8.414297,7.222467,8.318763
4840,672.99,108.42,4.68,78.44,2.0,2.04,8.149650573730469,7.6157,7.446087,8.040292,7.8408394,7.9383802,7.296768,8.485071,8.344142,7.5637603,7.867282
4860,705.27,121.08,4.69,83.24,2.64,2.91,8.149650573730469,8.141802,7.904728,8.067598,8.453247,7.998479,7.855502,8.877516,9.231482,8.027914,8.685707
4880,683.62,115.63,4.74,78.56,2.08,2.43,8.149650573730469,7.8839693,7.3548636,8.241533,8.188514,7.9385023,7.5163455,8.075073,8.107268,7.452112,7.8003454
4900,695.86,126.99,4.6,80.92,2.16,2.85,8.557132720947266,8.100895,7.889068,8.317635,8.15714,8.1975765,7.7692122,8.212368,8.420522,7.9543495,7.9036674
4920,717.51,127.25,4.73,81.55,1.92,2.84,8.557132720947266,8.388109,8.042346,7.973079,8.258562,8.571445,8.142096,7.973978,8.428817,7.935436,7.832929
4940,700.39,121.14,4.82,77.08,2.45,2.24,8.557132720947266,7.921691,7.62053,7.772212,7.929413,7.8682966,7.595439,7.631839,7.817018,7.496534,7.42694
4960,695.68,116.54,5.05,73.69,2.37,2.56,8.557132720947266,7.1806083,7.1646643,7.3011947,7.200233,7.51863,7.0833225,7.684561,7.9746723,7.134289,7.45046
4980,683.95,115.05,4.85,74.24,2.17,2.61,8.557132720947266,7.4294853,7.1777434,7.302593,7.1661043,7.7359195,7.2804184,7.530219,7.7494383,7.394502,7.4774313
5000,710.34,128.28,4.92,76.64,2.41,2.44,8.984989166259766,7.6923046,7.021388,7.4257803,7.362254,7.9908934,7.3431673,8.145674,8.050175,7.592186,8.02048
5020,705.31,124.13,4.71,76.68,2.56,2.64,8.984989166259766,7.824773,7.4793663,7.683376,7.7295713,7.630599,7.7067637,7.65396,7.9264565,7.518259,7.526098
5040,711.83,122.46,4.63,79.89,2.28,2.48,8.984989166259766,8.01446,7.723327,7.678713,7.8472757,8.410209,7.8676066,8.328549,8.297789,7.8073416,7.918706
5060,699.42,123.65,4.6,77.12,1.63,2.53,8.984989166259766,7.7965884,7.5861797,7.656563,7.6763167,7.7879524,7.8945174,7.7473564,7.8417487,7.4867287,7.6500263
5080,710.8,127.39,4.68,77.74,2.26,2.76,8.984989166259766,8.331171,7.4751225,7.288041,7.5889034,8.0118065,7.6353426,8.035748,8.198371,7.444561,7.7330675
5100,724.31,137.89,4.67,78.66,2.0,2.58,9.43423843383789,8.291183,7.75298,7.8473563,7.9093943,7.895896,7.783781,8.049486,8.038906,7.480243,7.6155257
5120,757.82,157.85,4.49,81.77,2.2,2.51,9.43423843383789,8.647273,7.9573374,8.066265,8.312756,8.33546,8.158452,8.169471,8.644415,7.815078,7.664817
5140,763.87,158.44,4.72,79.45,2.1,2.7,9.43423843383789,8.005005,7.6726522,7.764702,8.118355,8.15786,7.8966136,8.033414,8.346586,7.688734,7.7692733
5160,722.41,131.91,4.88,73.12,1.74,2.11,9.43423843383789,7.445612,7.0596085,7.638088,7.27604,7.5347443,7.0938525,7.3208103,7.359329,7.2483397,7.1415634
5180,731.7,130.72,4.87,75.69,2.23,2.21,9.43423843383789,7.6961226,7.2160835,7.9649487,7.51637,7.744478,7.3666186,8.001724,7.532598,7.2374353,7.417669
5200,744.96,143.71,4.52,81.6,1.99,2.42,9.905949592590332,8.536676,7.779105,8.292154,8.460316,8.078711,8.000911,8.322727,8.190466,7.9271965,8.012933
5220,792.84,171.12,4.54,83.24,2.24,2.38,9.905949592590332,8.249632,7.846751,8.6267805,8.084063,8.388469,8.179827,8.9240885,8.500208,8.2600765,8.183612
5240,769.81,143.44,4.92,77.89,2.37,2.62,9.905949592590332,7.6560574,7.476072,7.932843,7.2265944,8.025341,7.5425754,8.095114,8.2163725,7.872606,7.8484726
5260,783.69,166.16,4.7,79.35,2.32,2.47,9.905949592590332,7.8252296,7.53226,7.8742576,7.8344355,7.9152584,7.782266,8.225298,8.142691,8.267349,7.9499774
5280,757.79,136.24,4.8,78.91,1.97,2.77,9.905949592590332,8.081261,7.4936905,7.9659457,7.7890806,7.7549515,7.8595333,8.184374,8.047366,8.0497055,7.6806135
5300,752.6,135.62,4.79,77.79,2.5,2.79,10.401247024536133,7.7343063,7.524551,7.7649508,7.854795,8.108778,7.507187,8.098152,8.153316,7.5162134,7.5313997
5320,785.1,136.73,4.93,79.54,2.65,2.99,10.401247024536133,8.420075,7.576501,8.006794,7.902336,8.14645,7.6858273,7.8947363,8.259979,7.8024406,7.846608
5340,763.29,123.21,4.86,78.77,2.59,3.39,10.401247024536133,8.225756,7.449421,7.975588,7.5778465,7.8926277,7.723247,7.9823923,8.123364,7.900966,7.9144983
5360,770.18,121.18,4.97,79.02,2.72,3.24,10.401247024536133,7.7484674,7.816089,7.936626,7.6293273,7.9653525,7.7360992,8.145023,8.209351,7.7761765,8.053791
5380,765.91,124.21,4.88,78.74,2.62,3.11,10.401247024536133,8.041164,7.295472,8.02043,7.4569507,7.9456916,7.5752807,8.293214,8.216254,7.673433,8.222225
5400,790.33,138.71,4.92,80.34,3.07,2.93,10.921308517456055,7.824338,7.7481546,8.051332,7.301296,8.417972,7.790432,8.379926,8.241219,8.0435095,8.545563
5420,767.31,116.62,4.74,79.98,2.38,3.13,10.921308517456055,7.900653,7.6047783,8.698841,7.224413,8.506517,7.716142,8.1161175,8.1799,7.694448,8.338182
5440,790.34,124.91,4.85,81.34,3.06,2.95,10.921308517456055,7.9816494,7.758254,8.54715,7.358322,8.367182,7.871959,8.308943,8.396266,8.02706,8.726929
5460,790.53,120.29,4.65,86.58,2.52,3.1,10.921308517456055,8.274364,8.25422,8.962495,7.973048,8.926125,8.620582,8.988634,8.656838,8.493246,9.428123
5480,786.62,125.44,4.61,84.94,2.76,3.03,10.921308517456055,8.120401,8.197296,8.856649,8.013748,8.7375965,8.044043,8.295748,8.696151,8.7904415,9.187034
5500,788.28,125.59,4.8,81.77,2.5,3.16,11.467373847961426,7.7123747,7.845665,8.324326,8.024348,8.39003,7.861371,7.941158,8.328948,8.497335,8.849384
5520,809.67,126.81,4.74,83.99,2.91,3.33,11.467373847961426,7.878093,8.077887,8.389727,8.120924,8.876505,8.090396,8.467089,8.488035,8.315143,9.281245
5540,819.3,122.2,4.94,83.97,2.71,3.96,11.467373847961426,8.352304,7.9099364,8.435987,7.7857647,8.80172,8.054382,8.448076,8.524814,8.185196,9.474892
5560,820.84,128.45,4.7,87.36,2.77,3.51,11.467373847961426,8.143054,8.2851,8.689609,8.479479,9.13295,8.29516,9.022999,9.170141,8.213139,9.927771
5580,834.59,126.83,4.69,91.17,3.42,3.57,11.467373847961426,9.131956,8.484303,9.250633,8.736382,9.170973,8.979429,9.31799,8.887371,8.885157,10.320826
5600,786.82,112.03,4.65,83.89,2.85,3.49,12.040741920471191,8.731813,8.006238,8.454964,8.109575,8.826664,8.196722,8.612751,8.075075,7.909693,8.962822
5620,839.33,116.13,4.63,92.32,2.94,3.64,12.040741920471191,9.805004,8.432757,8.898307,8.280599,9.629803,8.79719,9.825037,9.233873,8.424147,10.993239
5640,845.91,125.53,4.8,88.3,2.98,3.74,12.040741920471191,9.9799185,8.079252,8.203648,8.625301,9.704477,8.24261,8.990134,8.768828,8.019608,9.683597
5660,853.3,131.37,4.82,88.22,2.85,3.44,12.040741920471191,9.003187,8.506447,8.780935,8.759209,9.377209,8.159789,8.779032,8.561788,8.620223,9.674167
5680,856.76,135.37,4.48,94.96,3.79,4.53,12.040741920471191,10.186898,9.1519165,9.146025,8.856405,10.031513,8.5607815,9.567556,10.223347,8.573931,10.6631975
5700,849.58,119.7,4.71,92.19,3.53,3.27,12.642778396606445,8.910518,8.491526,8.60665,9.372506,9.719008,8.70642,9.396758,9.57362,8.411933,11.003496
5720,865.89,130.0,4.46,95.04,3.36,4.43,12.642778396606445,9.118744,9.597122,9.327587,9.131071,10.018094,8.364428,9.711508,10.632455,8.616644,10.524519
5740,830.61,111.5,4.74,85.0,2.77,3.58,12.642778396606445,8.996009,8.108559,8.489477,8.223311,8.898602,7.7545276,8.448618,9.014163,8.081658,8.987752
5760,832.68,112.49,4.73,85.27,2.8,3.21,12.642778396606445,8.616439,8.429533,9.095293,8.972584,8.354124,7.836061,8.206471,8.938473,8.142591,8.675784
5780,849.55,116.48,4.69,89.23,3.6,3.78,12.642778396606445,9.615992,8.616779,9.53752,9.120898,8.835756,8.194662,8.829765,9.318035,8.471355,8.694047
5800,832.64,104.05,4.77,86.71,3.1,4.13,13.274916648864746,9.07836,7.9368515,8.972242,8.802835,8.735586,7.7385535,8.687628,8.8758545,8.644973,9.236958
5820,875.13,111.67,4.85,89.0,3.75,3.92,13.274916648864746,9.491068,8.040844,9.497257,8.588287,9.287435,7.920184,9.127111,9.678831,8.459757,8.907202
5840,875.51,119.31,4.68,90.81,3.82,3.89,13.274916648864746,9.527683,8.875361,9.60775,9.5589485,9.082862,8.066107,9.081421,9.1349535,8.81732,9.053648
5860,888.3,120.39,4.7,93.47,3.83,4.51,13.274916648864746,9.9059305,9.90961,10.004138,8.953835,9.198984,8.832446,9.020669,9.5622425,9.248989,8.837112
5880,865.36,118.12,4.44,94.24,2.97,3.97,13.274916648864746,9.960861,9.002827,10.118175,9.218401,9.7488575,8.705872,9.462485,9.359031,9.769751,8.890328
5900,884.12,129.79,4.37,97.47,3.56,4.27,13.938661575317383,10.089363,9.555816,10.013088,10.142884,9.594378,9.294661,9.642677,9.752798,10.147028,9.232358
5920,870.97,125.13,4.41,89.99,3.31,3.78,13.938661575317383,9.825742,8.508343,9.401639,8.867382,9.412505,8.573039,8.9653425,8.966101,8.958561,8.50827
5940,880.4,129.9,4.46,90.06,2.34,2.98,13.938661575317383,9.499971,8.496258,9.036532,8.739361,9.086323,8.733267,9.22536,8.782825,9.74683,8.713159
5960,854.91,116.18,4.6,83.73,2.58,2.82,13.938661575317383,8.43586,8.195557,8.507721,8.123586,8.192534,8.365229,8.198219,8.22183,9.41942,8.0672245
5980,881.65,132.56,4.65,85.33,2.75,3.68,13.938661575317383,9.5181875,8.072037,8.372113,8.663965,8.337077,8.484191,8.51831,8.21776,8.652964,8.490136
6000,858.52,112.5,4.66,84.26,2.8,3.44,14.635594367980957,8.760517,8.07585,8.315628,8.438618,8.488955,8.306243,8.466624,8.4123535,9.038011,7.961976
6020,868.69,117.03,4.56,83.21,2.89,3.52,14.635594367980957,8.776358,8.167066,8.2255125,8.392607,8.122738,8.248898,8.150501,8.156923,8.6007,8.368623
6040,880.35,121.02,4.58,84.74,2.66,3.04,14.635594367980957,8.818428,8.076565,8.7527685,8.202787,8.655739,8.186239,8.916266,8.386032,8.673401,8.073341
6060,894.22,123.0,4.51,89.5,2.69,3.49,14.635594367980957,9.422176,8.503343,9.365081,8.80362,8.936763,8.780265,9.158983,8.87467,8.94263,8.708251
6080,866.31,113.26,4.43,86.76,2.71,3.22,14.635594367980957,8.784409,8.987707,8.820299,8.659658,8.691229,8.704789,8.728259,8.501188,8.451839,8.433659
6100,877.35,123.91,4.57,83.36,2.92,3.24,15.3673734664917,8.85007,8.420389,8.180723,8.311716,8.195392,8.397278,8.292786,7.620283,8.757437,8.335505
6120,893.3,119.76,4.51,85.05,2.61,3.23,15.3673734664917,8.768774,9.022476,8.202678,8.540989,8.259645,8.222126,8.467073,8.236916,8.930675,8.399264
6140,902.97,134.25,4.45,85.33,2.42,2.87,15.3673734664917,8.730454,8.666082,8.594957,8.711261,8.456757,8.267373,8.465632,8.283339,8.840256,8.313408
6160,902.33,123.15,4.44,88.0,2.79,3.21,15.3673734664917,9.3883505,8.856949,9.255463,8.997867,9.20578,8.304741,8.5268,8.634405,9.102389,7.7296486
6180,902.22,125.27,4.49,86.39,2.56,3.34,15.3673734664917,8.900544,8.377883,8.800476,8.915061,8.460793,8.309614,8.628294,8.647634,9.505964,7.8468966
6200,903.13,124.36,4.51,86.33,2.75,3.37,16.1357421875,8.668953,8.541351,8.745321,9.115854,8.678091,8.508469,8.381958,8.523048,9.135193,8.035992
6220,918.87,115.55,4.7,82.5,2.3,3.55,16.1357421875,8.485806,8.90917,8.34904,8.0492735,8.390535,7.92054,7.904926,7.886705,8.82012,7.7858424
6240,921.04,123.27,4.52,85.76,2.25,3.0,16.1357421875,8.3658905,8.625649,9.314083,8.16732,9.034193,8.36346,8.590784,8.627634,8.569424,8.097466
6260,929.49,118.12,4.74,83.32,2.45,3.18,16.1357421875,8.920378,8.395964,8.484556,8.407797,8.205488,8.048429,7.920767,7.970789,8.845683,8.117155
6280,912.31,108.64,4.66,83.51,1.94,2.93,16.1357421875,8.2395115,8.001551,8.994718,8.085363,8.656485,8.124214,8.051491,8.3576565,8.785225,8.214752
6300,941.42,124.81,4.57,88.89,3.12,3.58,16.942527770996094,9.14131,8.882382,9.180399,9.124361,8.917635,8.706709,8.652457,8.698701,8.962344,8.619766
6320,941.77,114.37,4.57,86.3,3.03,3.58,16.942527770996094,9.351519,8.7112055,8.925943,8.443537,8.74738,8.086304,8.230556,8.449614,9.0637455,8.292794
6340,931.14,104.37,4.66,83.54,2.36,3.24,16.942527770996094,9.091639,8.066486,8.041632,8.640758,8.242367,8.435122,7.8433075,8.165438,9.058093,7.953796
6360,937.66,113.79,4.51,87.16,2.52,3.33,16.942527770996094,9.474731,8.353228,8.544905,8.911526,8.679752,8.321255,8.251564,8.916473,9.237532,8.465416
6380,936.02,113.21,4.49,87.22,2.59,3.16,16.942527770996094,9.549371,8.447577,9.3421955,8.284145,8.920772,8.352425,8.110518,8.642007,8.832141,8.73925
6400,939.76,121.42,4.48,86.48,2.46,3.03,17.789653778076172,9.387691,8.248276,9.2112875,8.509075,8.630345,8.356623,8.104818,8.505717,8.932124,8.598993
6420,978.95,130.64,4.54,86.67,2.67,3.55,17.789653778076172,9.643101,8.27492,9.037546,8.804854,8.717364,8.065449,8.117315,8.888739,8.541129,8.582355
6440,956.4,114.18,4.66,81.61,2.17,2.97,17.789653778076172,8.438603,8.4173975,7.926448,8.118357,7.969503,7.8609705,7.9567814,8.577934,8.099272,8.249315
6460,961.08,124.32,4.54,83.46,2.45,2.88,17.789653778076172,8.740153,8.748812,8.263306,8.205973,8.005642,8.20557,7.9348936,8.430079,8.39473,8.527853
6480,969.01,130.94,4.45,86.64,2.51,3.03,17.789653778076172,9.126633,8.665859,8.830029,8.441806,8.482675,8.51576,8.373222,8.730049,8.785326,8.691891
6500,964.01,134.8,4.49,83.05,2.29,2.64,18.679136276245117,8.678831,8.068198,8.681549,8.126091,8.719873,8.075662,8.029541,8.142936,8.394346,8.136381
6520,982.71,130.28,4.61,79.4,2.01,2.54,18.679136276245117,8.105214,7.759096,7.7736506,8.088977,7.904208,7.800878,7.6924877,8.269766,8.191631,7.8105726
6540,988.84,133.86,4.59,80.41,2.28,2.38,18.679136276245117,8.70903,7.904359,7.8997726,8.061012,7.9910927,8.025227,7.8090315,8.180024,8.098279,7.7301483
6560,988.48,132.97,4.32,88.81,2.45,2.99,18.679136276245117,8.881323,9.160293,8.858946,8.812084,8.863287,9.059512,8.558963,8.830064,9.018446,8.763274
6580,997.18,127.15,4.41,89.75,2.69,3.08,18.679136276245117,9.143358,8.820429,9.003536,9.252129,8.992067,8.843912,8.692188,9.242448,8.910305,8.848045
6600,1003.44,131.6,4.64,83.22,2.42,3.13,19.61309242248535,8.553207,8.316474,8.098909,8.3219385,8.250552,8.230938,8.205422,9.0004425,8.091323,8.151817
6620,1030.05,134.71,4.58,84.71,2.38,3.04,19.61309242248535,8.47058,8.248766,8.206805,8.219862,8.148483,7.9550204,8.58512,9.310085,8.65205,8.916308
6640,994.45,124.62,4.49,81.02,2.32,2.86,19.61309242248535,8.167505,7.9233236,7.8298106,8.173858,7.9903483,8.304333,7.9095206,8.658216,7.9286947,8.136335
6660,1012.31,129.38,4.63,80.03,2.09,2.92,19.61309242248535,8.202528,7.722152,7.8258815,7.874168,7.8656435,7.7569723,8.007971,8.752996,7.858476,8.16678
6680,1022.09,145.33,4.47,83.64,2.33,3.12,19.61309242248535,8.606649,7.953718,8.0675125,8.166029,7.912567,8.057399,8.534695,9.341938,8.165815,8.8312845
6700,1037.93,134.77,4.74,81.54,2.68,2.93,20.593746185302734,8.409188,7.7622414,8.008419,8.158264,8.141863,8.380394,7.8946667,8.631612,7.8399076,8.312086
6720,1091.11,133.52,4.79,86.44,3.27,3.67,20.593746185302734,8.588206,8.349465,8.597938,8.377081,8.904677,8.010039,8.61443,9.512731,8.399224,9.083502
6740,1049.09,121.68,4.58,86.07,2.76,3.39,20.593746185302734,8.731714,8.441708,8.372793,8.4581175,8.435583,8.469838,8.447472,9.075258,8.404301,9.230368
6760,1035.3,122.58,4.36,89.76,2.48,3.46,20.593746185302734,8.527089,8.993647,8.431287,8.589825,9.353506,9.204721,8.758809,9.77684,9.106495,9.019369
6780,1046.02,119.94,4.39,91.83,2.83,3.74,20.593746185302734,9.131784,9.140948,8.857264,9.066355,9.263746,9.249228,9.022968,9.844729,8.901547,9.348649
6800,1034.76,116.09,4.33,91.83,2.63,2.75,21.623432159423828,9.089271,9.250382,9.0689745,9.023885,9.406978,9.327827,8.788341,9.357311,9.061602,9.458796
6820,1092.04,126.3,4.4,94.85,2.5,3.59,21.623432159423828,9.479958,9.566698,9.316022,9.522009,9.4563265,9.74441,9.330055,9.662747,9.327656,9.442258
6840,1099.9,126.47,4.54,92.09,2.16,3.36,21.623432159423828,9.415472,8.749583,8.992235,9.3619,8.942748,9.289829,8.815222,9.67086,9.253563,9.59804
6860,1080.33,121.89,4.51,89.1,2.81,3.33,21.623432159423828,8.980529,8.476349,8.721251,9.104859,9.557663,8.657306,8.472231,9.2082815,8.82722,9.095955
6880,1100.83,134.0,4.45,93.05,3.16,3.23,21.623432159423828,9.426365,8.914109,9.203208,9.339941,9.4553585,9.0937605,8.82664,9.647853,8.922276,10.218451
6900,1109.76,133.93,4.51,93.51,3.08,3.53,22.70460319519043,8.968161,9.0372095,9.131373,9.764364,9.920553,8.948237,8.583545,10.24144,8.506891,10.403848
6920,1105.13,127.66,4.38,91.43,2.52,3.6,22.70460319519043,9.567114,8.550753,9.214815,9.236895,9.023101,8.887025,8.784414,9.9385195,8.852465,9.373647
6940,1115.2,123.51,4.42,93.58,2.64,3.63,22.70460319519043,8.982952,9.149824,8.996829,9.970329,9.802153,9.21728,8.7152195,10.082729,8.886654,9.776567
6960,1109.68,113.5,4.55,89.66,2.8,3.15,22.70460319519043,8.745249,8.661102,9.031023,9.41156,9.640537,8.938829,8.286404,8.9632,8.329424,9.652381
6980,1129.92,132.46,4.48,92.93,2.87,4.13,22.70460319519043,9.132724,8.423208,9.022518,9.876379,9.608348,9.13583,8.658389,9.11993,8.665946,11.288417
7000,1114.9,118.76,4.55,89.92,2.83,3.58,23.839832305908203,9.200794,8.268986,9.043543,9.031295,9.429207,8.933472,8.345958,9.031245,8.485593,10.150061
7020,1156.29,121.54,4.64,88.5,2.56,3.55,23.839832305908203,8.883445,8.350636,8.790045,9.009701,9.158968,9.029879,8.409084,8.780088,8.309362,9.774601
7040,1195.67,139.71,4.63,94.04,2.87,3.17,23.839832305908203,9.037869,9.097227,9.329311,10.22757,9.439726,9.737787,8.793934,9.479895,8.37602,10.524347
7060,1145.67,123.86,4.53,89.27,2.65,3.23,23.839832305908203,8.916345,8.935109,8.222629,8.978619,9.272034,8.745486,8.596881,9.09128,8.829442,9.678056
7080,1137.27,122.58,4.47,89.74,2.28,3.63,23.839832305908203,8.701466,8.949291,8.698878,9.854315,9.356007,9.092438,8.51102,8.896846,8.40473,9.274429
7100,1155.19,135.15,4.42,93.13,2.35,3.58,25.031822204589844,9.114735,8.995923,9.172543,9.775396,10.168851,8.961367,9.131911,9.57959,8.966772,9.263786
7120,inf,187.16,inf,96.15,1.85,3.1,25.031822204589844,8.770945,9.535655,9.770216,10.2459755,10.47671,10.063141,9.587108,9.133447,9.368727,9.201761
7140,nan,nan,nan,nan,nan,nan,25.031822204589844,nan,nan,nan,nan,nan,nan,nan,nan,nan,nan
7160,nan,nan,nan,nan,nan,nan,25.031822204589844,nan,nan,nan,nan,nan,nan,nan,nan,nan,nan
7180,nan,nan,nan,nan,nan,nan,25.031822204589844,nan,nan,nan,nan,nan,nan,nan,nan,nan,nan
7200,nan,nan,nan,nan,nan,nan,26.28341293334961,nan,nan,nan,nan,nan,nan,nan,nan,nan,nan
7220,nan,nan,nan,nan,nan,nan,26.28341293334961,nan,nan,nan,nan,nan,nan,nan,nan,nan,nan
7240,nan,nan,nan,nan,nan,nan,26.28341293334961,nan,nan,nan,nan,nan,nan,nan,nan,nan,nan
7260,nan,nan,nan,nan,nan,nan,26.28341293334961,nan,nan,nan,nan,nan,nan,nan,nan,nan,nan
7280,nan,nan,nan,nan,nan,nan,26.28341293334961,nan,nan,nan,nan,nan,nan,nan,nan,nan,nan
7300,nan,nan,nan,nan,nan,nan,27.59758186340332,nan,nan,nan,nan,nan,nan,nan,nan,nan,nan
7320,nan,nan,nan,nan,nan,nan,27.59758186340332,nan,nan,nan,nan,nan,nan,nan,nan,nan,nan
7340,nan,nan,nan,nan,nan,nan,27.59758186340332,nan,nan,nan,nan,nan,nan,nan,nan,nan,nan
7360,nan,nan,nan,nan,nan,nan,27.59758186340332,nan,nan,nan,nan,nan,nan,nan,nan,nan,nan
7380,nan,nan,nan,nan,nan,nan,27.59758186340332,nan,nan,nan,nan,nan,nan,nan,nan,nan,nan
7400,nan,nan,nan,nan,nan,nan,28.977458953857422,nan,nan,nan,nan,nan,nan,nan,nan,nan,nan
7420,nan,nan,nan,nan,nan,nan,28.977458953857422,nan,nan,nan,nan,nan,nan,nan,nan,nan,nan
7440,nan,nan,nan,nan,nan,nan,28.977458953857422,nan,nan,nan,nan,nan,nan,nan,nan,nan,nan
7460,nan,nan,nan,nan,nan,nan,28.977458953857422,nan,nan,nan,nan,nan,nan,nan,nan,nan,nan
7480,nan,nan,nan,nan,nan,nan,28.977458953857422,nan,nan,nan,nan,nan,nan,nan,nan,nan,nan
7500,nan,nan,nan,nan,nan,nan,30.42633056640625,nan,nan,nan,nan,nan,nan,nan,nan,nan,nan
7520,nan,nan,nan,nan,nan,nan,30.42633056640625,nan,nan,nan,nan,nan,nan,nan,nan,nan,nan
7540,nan,nan,nan,nan,nan,nan,30.42633056640625,nan,nan,nan,nan,nan,nan,nan,nan,nan,nan
7560,nan,nan,nan,nan,nan,nan,30.42633056640625,nan,nan,nan,nan,nan,nan,nan,nan,nan,nan
7580,nan,nan,nan,nan,nan,nan,30.42633056640625,nan,nan,nan,nan,nan,nan,nan,nan,nan,nan
7600,nan,nan,nan,nan,nan,nan,31.94764518737793,nan,nan,nan,nan,nan,nan,nan,nan,nan,nan
7620,nan,nan,nan,nan,nan,nan,31.94764518737793,nan,nan,nan,nan,nan,nan,nan,nan,nan,nan
7640,nan,nan,nan,nan,nan,nan,31.94764518737793,nan,nan,nan,nan,nan,nan,nan,nan,nan,nan
7660,nan,nan,nan,nan,nan,nan,31.94764518737793,nan,nan,nan,nan,nan,nan,nan,nan,nan,nan
7680,nan,nan,nan,nan,nan,nan,31.94764518737793,nan,nan,nan,nan,nan,nan,nan,nan,nan,nan
7700,nan,nan,nan,nan,nan,nan,33.54502487182617,nan,nan,nan,nan,nan,nan,nan,nan,nan,nan
7720,nan,nan,nan,nan,nan,nan,33.54502487182617,nan,nan,nan,nan,nan,nan,nan,nan,nan,nan
7740,nan,nan,nan,nan,nan,nan,33.54502487182617,nan,nan,nan,nan,nan,nan,nan,nan,nan,nan
7760,nan,nan,nan,nan,nan,nan,33.54502487182617,nan,nan,nan,nan,nan,nan,nan,nan,nan,nan
7780,nan,nan,nan,nan,nan,nan,33.54502487182617,nan,nan,nan,nan,nan,nan,nan,nan,nan,nan
7800,nan,nan,nan,nan,nan,nan,35.22227478027344,nan,nan,nan,nan,nan,nan,nan,nan,nan,nan
7820,nan,nan,nan,nan,nan,nan,35.22227478027344,nan,nan,nan,nan,nan,nan,nan,nan,nan,nan
7840,nan,nan,nan,nan,nan,nan,35.22227478027344,nan,nan,nan,nan,nan,nan,nan,nan,nan,nan
7860,nan,nan,nan,nan,nan,nan,35.22227478027344,nan,nan,nan,nan,nan,nan,nan,nan,nan,nan
7880,nan,nan,nan,nan,nan,nan,35.22227478027344,nan,nan,nan,nan,nan,nan,nan,nan,nan,nan
7900,nan,nan,nan,nan,nan,nan,36.9833869934082,nan,nan,nan,nan,nan,nan,nan,nan,nan,nan
7920,nan,nan,nan,nan,nan,nan,36.9833869934082,nan,nan,nan,nan,nan,nan,nan,nan,nan,nan
7940,nan,nan,nan,nan,nan,nan,36.9833869934082,nan,nan,nan,nan,nan,nan,nan,nan,nan,nan
7960,nan,nan,nan,nan,nan,nan,36.9833869934082,nan,nan,nan,nan,nan,nan,nan,nan,nan,nan
7980,nan,nan,nan,nan,nan,nan,36.9833869934082,nan,nan,nan,nan,nan,nan,nan,nan,nan,nan
8000,nan,nan,nan,nan,nan,nan,38.83255386352539,nan,nan,nan,nan,nan,nan,nan,nan,nan,nan
8020,nan,nan,nan,nan,nan,nan,38.83255386352539,nan,nan,nan,nan,nan,nan,nan,nan,nan,nan
8040,nan,nan,nan,nan,nan,nan,38.83255386352539,nan,nan,nan,nan,nan,nan,nan,nan,nan,nan
8060,nan,nan,nan,nan,nan,nan,38.83255386352539,nan,nan,nan,nan,nan,nan,nan,nan,nan,nan
8080,nan,nan,nan,nan,nan,nan,38.83255386352539,nan,nan,nan,nan,nan,nan,nan,nan,nan,nan
8100,nan,nan,nan,nan,nan,nan,40.7741813659668,nan,nan,nan,nan,nan,nan,nan,nan,nan,nan
8120,nan,nan,nan,nan,nan,nan,40.7741813659668,nan,nan,nan,nan,nan,nan,nan,nan,nan,nan
8140,nan,nan,nan,nan,nan,nan,40.7741813659668,nan,nan,nan,nan,nan,nan,nan,nan,nan,nan
8160,nan,nan,nan,nan,nan,nan,40.7741813659668,nan,nan,nan,nan,nan,nan,nan,nan,nan,nan
8180,nan,nan,nan,nan,nan,nan,40.7741813659668,nan,nan,nan,nan,nan,nan,nan,nan,nan,nan
8200,nan,nan,nan,nan,nan,nan,42.812889099121094,nan,nan,nan,nan,nan,nan,nan,nan,nan,nan
8220,nan,nan,nan,nan,nan,nan,42.812889099121094,nan,nan,nan,nan,nan,nan,nan,nan,nan,nan
8240,nan,nan,nan,nan,nan,nan,42.812889099121094,nan,nan,nan,nan,nan,nan,nan,nan,nan,nan
8260,nan,nan,nan,nan,nan,nan,42.812889099121094,nan,nan,nan,nan,nan,nan,nan,nan,nan,nan
8280,nan,nan,nan,nan,nan,nan,42.812889099121094,nan,nan,nan,nan,nan,nan,nan,nan,nan,nan
8300,nan,nan,nan,nan,nan,nan,44.95353317260742,nan,nan,nan,nan,nan,nan,nan,nan,nan,nan
8320,nan,nan,nan,nan,nan,nan,44.95353317260742,nan,nan,nan,nan,nan,nan,nan,nan,nan,nan
8340,nan,nan,nan,nan,nan,nan,44.95353317260742,nan,nan,nan,nan,nan,nan,nan,nan,nan,nan
8360,nan,nan,nan,nan,nan,nan,44.95353317260742,nan,nan,nan,nan,nan,nan,nan,nan,nan,nan
8380,nan,nan,nan,nan,nan,nan,44.95353317260742,nan,nan,nan,nan,nan,nan,nan,nan,nan,nan
8400,nan,nan,nan,nan,nan,nan,47.20120620727539,nan,nan,nan,nan,nan,nan,nan,nan,nan,nan
8420,nan,nan,nan,nan,nan,nan,47.20120620727539,nan,nan,nan,nan,nan,nan,nan,nan,nan,nan
8440,nan,nan,nan,nan,nan,nan,47.20120620727539,nan,nan,nan,nan,nan,nan,nan,nan,nan,nan
8460,nan,nan,nan,nan,nan,nan,47.20120620727539,nan,nan,nan,nan,nan,nan,nan,nan,nan,nan
8480,nan,nan,nan,nan,nan,nan,47.20120620727539,nan,nan,nan,nan,nan,nan,nan,nan,nan,nan
8500,nan,nan,nan,nan,nan,nan,49.56126403808594,nan,nan,nan,nan,nan,nan,nan,nan,nan,nan
8520,nan,nan,nan,nan,nan,nan,49.56126403808594,nan,nan,nan,nan,nan,nan,nan,nan,nan,nan
8540,nan,nan,nan,nan,nan,nan,49.56126403808594,nan,nan,nan,nan,nan,nan,nan,nan,nan,nan
8560,nan,nan,nan,nan,nan,nan,49.56126403808594,nan,nan,nan,nan,nan,nan,nan,nan,nan,nan
8580,nan,nan,nan,nan,nan,nan,49.56126403808594,nan,nan,nan,nan,nan,nan,nan,nan,nan,nan
8600,nan,nan,nan,nan,nan,nan,52.03932571411133,nan,nan,nan,nan,nan,nan,nan,nan,nan,nan
8620,nan,nan,nan,nan,nan,nan,52.03932571411133,nan,nan,nan,nan,nan,nan,nan,nan,nan,nan
8640,nan,nan,nan,nan,nan,nan,52.03932571411133,nan,nan,nan,nan,nan,nan,nan,nan,nan,nan
8660,nan,nan,nan,nan,nan,nan,52.03932571411133,nan,nan,nan,nan,nan,nan,nan,nan,nan,nan
8680,nan,nan,nan,nan,nan,nan,52.03932571411133,nan,nan,nan,nan,nan,nan,nan,nan,nan,nan
8700,nan,nan,nan,nan,nan,nan,54.64128875732422,nan,nan,nan,nan,nan,nan,nan,nan,nan,nan
8720,nan,nan,nan,nan,nan,nan,54.64128875732422,nan,nan,nan,nan,nan,nan,nan,nan,nan,nan
8740,nan,nan,nan,nan,nan,nan,54.64128875732422,nan,nan,nan,nan,nan,nan,nan,nan,nan,nan
8760,nan,nan,nan,nan,nan,nan,54.64128875732422,nan,nan,nan,nan,nan,nan,nan,nan,nan,nan
8780,nan,nan,nan,nan,nan,nan,54.64128875732422,nan,nan,nan,nan,nan,nan,nan,nan,nan,nan
8800,nan,nan,nan,nan,nan,nan,57.37335205078125,nan,nan,nan,nan,nan,nan,nan,nan,nan,nan
8820,nan,nan,nan,nan,nan,nan,57.37335205078125,nan,nan,nan,nan,nan,nan,nan,nan,nan,nan
8840,nan,nan,nan,nan,nan,nan,57.37335205078125,nan,nan,nan,nan,nan,nan,nan,nan,nan,nan
8860,nan,nan,nan,nan,nan,nan,57.37335205078125,nan,nan,nan,nan,nan,nan,nan,nan,nan,nan
8880,nan,nan,nan,nan,nan,nan,57.37335205078125,nan,nan,nan,nan,nan,nan,nan,nan,nan,nan
8900,nan,nan,nan,nan,nan,nan,60.24201583862305,nan,nan,nan,nan,nan,nan,nan,nan,nan,nan
8920,nan,nan,nan,nan,nan,nan,60.24201583862305,nan,nan,nan,nan,nan,nan,nan,nan,nan,nan
8940,nan,nan,nan,nan,nan,nan,60.24201583862305,nan,nan,nan,nan,nan,nan,nan,nan,nan,nan
8960,nan,nan,nan,nan,nan,nan,60.24201583862305,nan,nan,nan,nan,nan,nan,nan,nan,nan,nan
8980,nan,nan,nan,nan,nan,nan,60.24201583862305,nan,nan,nan,nan,nan,nan,nan,nan,nan,nan
9000,nan,nan,nan,nan,nan,nan,63.254112243652344,nan,nan,nan,nan,nan,nan,nan,nan,nan,nan
9020,nan,nan,nan,nan,nan,nan,63.254112243652344,nan,nan,nan,nan,nan,nan,nan,nan,nan,nan
9040,nan,nan,nan,nan,nan,nan,63.254112243652344,nan,nan,nan,nan,nan,nan,nan,nan,nan,nan
9060,nan,nan,nan,nan,nan,nan,63.254112243652344,nan,nan,nan,nan,nan,nan,nan,nan,nan,nan
9080,nan,nan,nan,nan,nan,nan,63.254112243652344,nan,nan,nan,nan,nan,nan,nan,nan,nan,nan
9100,nan,nan,nan,nan,nan,nan,66.41681671142578,nan,nan,nan,nan,nan,nan,nan,nan,nan,nan
9120,nan,nan,nan,nan,nan,nan,66.41681671142578,nan,nan,nan,nan,nan,nan,nan,nan,nan,nan
9140,nan,nan,nan,nan,nan,nan,66.41681671142578,nan,nan,nan,nan,nan,nan,nan,nan,nan,nan
9160,nan,nan,nan,nan,nan,nan,66.41681671142578,nan,nan,nan,nan,nan,nan,nan,nan,nan,nan
9180,nan,nan,nan,nan,nan,nan,66.41681671142578,nan,nan,nan,nan,nan,nan,nan,nan,nan,nan
9200,nan,nan,nan,nan,nan,nan,69.73765563964844,nan,nan,nan,nan,nan,nan,nan,nan,nan,nan
9220,nan,nan,nan,nan,nan,nan,69.73765563964844,nan,nan,nan,nan,nan,nan,nan,nan,nan,nan
9240,nan,nan,nan,nan,nan,nan,69.73765563964844,nan,nan,nan,nan,nan,nan,nan,nan,nan,nan
9260,nan,nan,nan,nan,nan,nan,69.73765563964844,nan,nan,nan,nan,nan,nan,nan,nan,nan,nan
9280,nan,nan,nan,nan,nan,nan,69.73765563964844,nan,nan,nan,nan,nan,nan,nan,nan,nan,nan
9300,nan,nan,nan,nan,nan,nan,73.22453308105469,nan,nan,nan,nan,nan,nan,nan,nan,nan,nan
9320,nan,nan,nan,nan,nan,nan,73.22453308105469,nan,nan,nan,nan,nan,nan,nan,nan,nan,nan
9340,nan,nan,nan,nan,nan,nan,73.22453308105469,nan,nan,nan,nan,nan,nan,nan,nan,nan,nan
9360,nan,nan,nan,nan,nan,nan,73.22453308105469,nan,nan,nan,nan,nan,nan,nan,nan,nan,nan
9380,nan,nan,nan,nan,nan,nan,73.22453308105469,nan,nan,nan,nan,nan,nan,nan,nan,nan,nan
9400,nan,nan,nan,nan,nan,nan,76.88575744628906,nan,nan,nan,nan,nan,nan,nan,nan,nan,nan
9420,nan,nan,nan,nan,nan,nan,76.88575744628906,nan,nan,nan,nan,nan,nan,nan,nan,nan,nan
9440,nan,nan,nan,nan,nan,nan,76.88575744628906,nan,nan,nan,nan,nan,nan,nan,nan,nan,nan
9460,nan,nan,nan,nan,nan,nan,76.88575744628906,nan,nan,nan,nan,nan,nan,nan,nan,nan,nan
9480,nan,nan,nan,nan,nan,nan,76.88575744628906,nan,nan,nan,nan,nan,nan,nan,nan,nan,nan
9500,nan,nan,nan,nan,nan,nan,80.73004150390625,nan,nan,nan,nan,nan,nan,nan,nan,nan,nan
9520,nan,nan,nan,nan,nan,nan,80.73004150390625,nan,nan,nan,nan,nan,nan,nan,nan,nan,nan
9540,nan,nan,nan,nan,nan,nan,80.73004150390625,nan,nan,nan,nan,nan,nan,nan,nan,nan,nan
9560,nan,nan,nan,nan,nan,nan,80.73004150390625,nan,nan,nan,nan,nan,nan,nan,nan,nan,nan
9580,nan,nan,nan,nan,nan,nan,80.73004150390625,nan,nan,nan,nan,nan,nan,nan,nan,nan,nan
9600,nan,nan,nan,nan,nan,nan,84.76654052734375,nan,nan,nan,nan,nan,nan,nan,nan,nan,nan
9620,nan,nan,nan,nan,nan,nan,84.76654052734375,nan,nan,nan,nan,nan,nan,nan,nan,nan,nan
9640,nan,nan,nan,nan,nan,nan,84.76654052734375,nan,nan,nan,nan,nan,nan,nan,nan,nan,nan
9660,nan,nan,nan,nan,nan,nan,84.76654052734375,nan,nan,nan,nan,nan,nan,nan,nan,nan,nan
9680,nan,nan,nan,nan,nan,nan,84.76654052734375,nan,nan,nan,nan,nan,nan,nan,nan,nan,nan
9700,nan,nan,nan,nan,nan,nan,89.0048599243164,nan,nan,nan,nan,nan,nan,nan,nan,nan,nan
9720,nan,nan,nan,nan,nan,nan,89.0048599243164,nan,nan,nan,nan,nan,nan,nan,nan,nan,nan
9740,nan,nan,nan,nan,nan,nan,89.0048599243164,nan,nan,nan,nan,nan,nan,nan,nan,nan,nan
9760,nan,nan,nan,nan,nan,nan,89.0048599243164,nan,nan,nan,nan,nan,nan,nan,nan,nan,nan
9780,nan,nan,nan,nan,nan,nan,89.0048599243164,nan,nan,nan,nan,nan,nan,nan,nan,nan,nan
9800,nan,nan,nan,nan,nan,nan,93.4551010131836,nan,nan,nan,nan,nan,nan,nan,nan,nan,nan
9820,nan,nan,nan,nan,nan,nan,93.4551010131836,nan,nan,nan,nan,nan,nan,nan,nan,nan,nan
9840,nan,nan,nan,nan,nan,nan,93.4551010131836,nan,nan,nan,nan,nan,nan,nan,nan,nan,nan
9860,nan,nan,nan,nan,nan,nan,93.4551010131836,nan,nan,nan,nan,nan,nan,nan,nan,nan,nan
9880,nan,nan,nan,nan,nan,nan,93.4551010131836,nan,nan,nan,nan,nan,nan,nan,nan,nan,nan
9900,nan,nan,nan,nan,nan,nan,98.12785339355469,nan,nan,nan,nan,nan,nan,nan,nan,nan,nan
9920,nan,nan,nan,nan,nan,nan,98.12785339355469,nan,nan,nan,nan,nan,nan,nan,nan,nan,nan
9940,nan,nan,nan,nan,nan,nan,98.12785339355469,nan,nan,nan,nan,nan,nan,nan,nan,nan,nan
9960,nan,nan,nan,nan,nan,nan,98.12785339355469,nan,nan,nan,nan,nan,nan,nan,nan,nan,nan
9980,nan,nan,nan,nan,nan,nan,98.12785339355469,nan,nan,nan,nan,nan,nan,nan,nan,nan,nan
